{"NumModels": 1, "ModelIndexes": {"0": "P_2_RANK_2"}, "ModelDescriptions": [{"Name": "P_2_RANK_2", "ClassMaps": {"1": "Rain", "2": "notRain", "0": "Unknown"}, "ModelType": "Boosted Tree Ensemble", "FeatureNames": ["channel_0mfe_000009", "channel_0mfe_000010", "channel_0mfe_000018", "channel_0mfcc_000001", "channel_0mfcc_000002", "channel_0PowerSpec_000003", "channel_0PowerSpec_000009", "channel_0Kurtosis"], "FeatureFunctions": ["MFE", "MFE", "MFE", "MFCC", "MFCC", "Power Spectrum", "Power Spectrum", "Kurtosis"], "knowledgepack_summary": [{"name": "Windowing", "type": "segmenter", "inputs": {"delta": 16000, "input_data": "temp.raw", "train_delta": 0, "window_size": 16000, "group_columns": ["segment_uuid", "Label"], "return_segment_index": false}, "outputs": ["temp.Windowing0"]}, {"set": [{"family": true, "inputs": {"columns": ["channel_0"], "num_filters": 23}, "outputs": [9, 10, 18], "function_name": "MFE"}, {"family": true, "inputs": {"columns": ["channel_0"], "sample_rate": 16000, "cepstra_count": 23}, "outputs": [1, 2], "function_name": "MFCC"}, {"family": true, "inputs": {"columns": ["channel_0"], "window_type": "hanning", "number_of_bins": 16}, "outputs": [3, 9], "function_name": "Power Spectrum"}, {"family": null, "inputs": {"columns": ["channel_0"]}, "outputs": [0], "function_name": "Kurtosis"}], "name": "generator_set", "type": "generatorset", "inputs": {"input_data": "temp.Windowing0", "group_columns": ["segment_uuid", "Label", "SegmentID"]}, "outputs": ["temp.generator_set0", "temp.features.generator_set0"]}, {"name": "Min Max Scale", "type": "transform", "inputs": {"pad": 0, "max_bound": 255, "min_bound": 0, "input_data": "temp.generator_set0", "passthrough_columns": ["segment_uuid", "Label", "SegmentID"], "feature_min_max_defaults": null, "feature_min_max_parameters": {"maximums": {"gen_0036_channel_0Kurtosis": 60.203285217285156, "gen_0004_channel_0mfe_000009": 132215.0, "gen_0004_channel_0mfe_000010": 131302.0, "gen_0004_channel_0mfe_000018": 140325.0, "gen_0021_channel_0mfcc_000001": -30816.0, "gen_0021_channel_0mfcc_000002": 58584.0, "gen_0028_channel_0PowerSpec_000003": 2020.0006103515625, "gen_0028_channel_0PowerSpec_000009": 1752.4326171875}, "minimums": {"gen_0036_channel_0Kurtosis": -1.2026560306549072, "gen_0004_channel_0mfe_000009": 92212.0, "gen_0004_channel_0mfe_000010": 95083.0, "gen_0004_channel_0mfe_000018": 113706.0, "gen_0021_channel_0mfcc_000001": -165071.0, "gen_0021_channel_0mfcc_000002": -115530.0, "gen_0028_channel_0PowerSpec_000003": 42.20180130004883, "gen_0028_channel_0PowerSpec_000009": 89.95997619628906}}}, "outputs": ["temp.Min_Max_Scale0.RCL.2", "temp.features.Min_Max_Scale0.RCL.2"], "feature_table": "temp.features.generator_set0"}], "sensors_columns": ["channel_0"], "uuid": "abff9a3d-01d8-4797-9cf4-a1148efb5e9d"}]}